Name,Price,Store Name,Product Link,Main Img Link,Date
"16.5"" Gold Pheasant",,razimports,https://www.razimports.com/theme/harvest/4310267,https://www.razimports.com/media/catalog_product/ImagesFiles2/4310267.jpg,2026/7/8
"11.75"" Glitter Turkey",,razimports,https://www.razimports.com/theme/harvest/4501658,https://www.razimports.com/media/catalog_product/ImagesFiles2/4501658.jpg,2026/7/8
"9.25"" Gold Pumpkin",,razimports,https://www.razimports.com/theme/harvest/4501672,https://www.razimports.com/media/catalog_product/ImagesFiles2/4501672.jpg,2026/7/8
"13.75"" Gold Turkey",,razimports,https://www.razimports.com/theme/harvest/4510522,https://www.razimports.com/media/catalog_product/ImagesFiles2/4510522.jpg,2026/7/8
"7"" Gilded Pinecone",,razimports,https://www.razimports.com/theme/harvest/4511658,https://www.razimports.com/media/catalog_product/ImagesFiles2/4511658.jpg,2026/7/8
"5.5"" Gilded Pinecone",,razimports,https://www.razimports.com/theme/harvest/4511659,https://www.razimports.com/media/catalog_product/ImagesFiles2/4511659.jpg,2026/7/8
"4.5"" Gilded Pinecone",,razimports,https://www.razimports.com/theme/harvest/4511660,https://www.razimports.com/media/catalog_product/ImagesFiles2/4511660.jpg,2026/7/8
"5.5"" Gilded Acorns",,razimports,https://www.razimports.com/theme/harvest/4511665,https://www.razimports.com/media/catalog_product/ImagesFiles2/4511665.jpg,2026/7/8
"13"" Distressed Pumpkins",,razimports,https://www.razimports.com/theme/harvest/4559131,https://www.razimports.com/media/catalog_product/ImagesFiles2/4559131.jpg,2026/7/8
"12"" Mini Pumpkin and Leaf Candle Ring",,razimports,https://www.razimports.com/theme/harvest/4602409,https://www.razimports.com/media/catalog_product/ImagesFiles2/4602409.jpg,2026/7/8
"10"" Mini Pumpkin and Leaf  Candle Ring",,razimports,https://www.razimports.com/theme/harvest/4602410,https://www.razimports.com/media/catalog_product/ImagesFiles2/4602410.jpg,2026/7/8
"7.5"" Orange Pumpkin",,razimports,https://www.razimports.com/theme/harvest/4602417,https://www.razimports.com/media/catalog_product/ImagesFiles2/4602417.jpg,2026/7/8
"14"" Bittersweet Vine Candle Ring",,razimports,https://www.razimports.com/theme/harvest/4606103,https://www.razimports.com/media/catalog_product/ImagesFiles2/4606103.jpg,2026/7/8
"5"" Gold Glittered Nest Clip-On Ornament",,razimports,https://www.razimports.com/theme/harvest/4606770,https://www.razimports.com/media/catalog_product/ImagesFiles2/4606770.jpg,2026/7/8
"9"" Harvest Pumpkin",,razimports,https://www.razimports.com/theme/harvest/4608014,https://www.razimports.com/media/catalog_product/ImagesFiles2/4608014.jpg,2026/7/8
"7"" Harvest Pumpkin",,razimports,https://www.razimports.com/theme/harvest/4608015,https://www.razimports.com/media/catalog_product/ImagesFiles2/4608015.jpg,2026/7/8
"5"" Harvest Pumpkin",,razimports,https://www.razimports.com/theme/harvest/4608016,https://www.razimports.com/media/catalog_product/ImagesFiles2/4608016.jpg,2026/7/8
"12"" Gold Oak Leaf Tray",,razimports,https://www.razimports.com/theme/harvest/4610393,https://www.razimports.com/media/catalog_product/ImagesFiles2/4610393.jpg,2026/7/8
"4.25"" Gold Leaf Tray",,razimports,https://www.razimports.com/theme/harvest/4610394,https://www.razimports.com/media/catalog_product/ImagesFiles2/4610394.jpg,2026/7/8
"14.5"" Acorn Candle Holders",,razimports,https://www.razimports.com/theme/harvest/4611792,https://www.razimports.com/media/catalog_product/ImagesFiles2/4611792.jpg,2026/7/8
"10.25"" Antique Gold Turkey",,razimports,https://www.razimports.com/theme/harvest/4612161,https://www.razimports.com/media/catalog_product/ImagesFiles2/4612161.jpg,2026/7/8
"8.5"" Antique Gold Turkey with Harvest",,razimports,https://www.razimports.com/theme/harvest/4612162,https://www.razimports.com/media/catalog_product/ImagesFiles2/4612162.jpg,2026/7/8
"6.75"" Antique Gold Squirrel Candlesticks",,razimports,https://www.razimports.com/theme/harvest/4612163,https://www.razimports.com/media/catalog_product/ImagesFiles2/4612163.jpg,2026/7/8
"14.5"" Nature Fruit Cone Tree",,razimports,https://www.razimports.com/theme/harvest/4612188,https://www.razimports.com/media/catalog_product/ImagesFiles2/4612188.jpg,2026/7/8
"12.5"" Squirrel Server",,razimports,https://www.razimports.com/theme/harvest/4612221,https://www.razimports.com/media/catalog_product/ImagesFiles2/4612221.jpg,2026/7/8
"4.5"" Country Highland Cow",,razimports,https://www.razimports.com/theme/harvest/4612232,https://www.razimports.com/media/catalog_product/ImagesFiles2/4612232.jpg,2026/7/8
"9.75"" Squirrel Tray",,razimports,https://www.razimports.com/theme/harvest/4612234,https://www.razimports.com/media/catalog_product/ImagesFiles2/4612234.jpg,2026/7/8
"27"" Deer Sculpture with Wreath",,razimports,https://www.razimports.com/theme/harvest/4617710,https://www.razimports.com/media/catalog_product/ImagesFiles2/4617710.jpg,2026/7/8
"25"" Moose Antler Tray",,razimports,https://www.razimports.com/theme/harvest/4617711,https://www.razimports.com/media/catalog_product/ImagesFiles2/4617711.jpg,2026/7/8
"12"" Antler Candle Holders",,razimports,https://www.razimports.com/theme/harvest/4617712,https://www.razimports.com/media/catalog_product/ImagesFiles2/4617712.jpg,2026/7/8
"8.5"" Natural Turkey",,razimports,https://www.razimports.com/theme/harvest/4617794,https://www.razimports.com/media/catalog_product/ImagesFiles2/4617794.jpg,2026/7/8
"16"" Gold Turkey",,razimports,https://www.razimports.com/theme/harvest/4617797,https://www.razimports.com/media/catalog_product/ImagesFiles2/4617797.jpg,2026/7/8
"17"" Gold Cornucopia",,razimports,https://www.razimports.com/theme/harvest/4617798,https://www.razimports.com/media/catalog_product/ImagesFiles2/4617798.jpg,2026/7/8
"9"" Orange Pumpkins",,razimports,https://www.razimports.com/theme/harvest/4617803,https://www.razimports.com/media/catalog_product/ImagesFiles2/4617803.jpg,2026/7/8
"8"" Pumpkin",,razimports,https://www.razimports.com/theme/harvest/4619539,https://www.razimports.com/media/catalog_product/ImagesFiles2/4619539.jpg,2026/7/8
"9"" Pumpkin",,razimports,https://www.razimports.com/theme/harvest/4619540,https://www.razimports.com/media/catalog_product/ImagesFiles2/4619540.jpg,2026/7/8
"7"" Floral Pumpkins",,razimports,https://www.razimports.com/theme/harvest/4619577,https://www.razimports.com/media/catalog_product/ImagesFiles2/4619577.jpg,2026/7/8
"19.75"" Harvest Reminiscence Vintage Door Wall Art",,razimports,https://www.razimports.com/theme/harvest/4621399,https://www.razimports.com/media/catalog_product/ImagesFiles2/4621399.jpg,2026/7/8
"7.5"" Orange Pumpkins",,razimports,https://www.razimports.com/theme/harvest/4625322,https://www.razimports.com/media/catalog_product/ImagesFiles2/4625322.jpg,2026/7/8
"19.5"" Tall Orange Pumpkin",,razimports,https://www.razimports.com/theme/harvest/4625324,https://www.razimports.com/media/catalog_product/ImagesFiles2/4625324.jpg,2026/7/8
"13"" Orange Pumpkin",,razimports,https://www.razimports.com/theme/harvest/4625325,https://www.razimports.com/media/catalog_product/ImagesFiles2/4625325.jpg,2026/7/8
"15"" Orange Pumpkin",,razimports,https://www.razimports.com/theme/harvest/4625326,https://www.razimports.com/media/catalog_product/ImagesFiles2/4625326.jpg,2026/7/8
"12"" Orange Pumpkin",,razimports,https://www.razimports.com/theme/harvest/4625327,https://www.razimports.com/media/catalog_product/ImagesFiles2/4625327.jpg,2026/7/8
"12"" Rosehip Candle Ring",,razimports,https://www.razimports.com/theme/harvest/4625331,https://www.razimports.com/media/catalog_product/ImagesFiles2/4625331.jpg,2026/7/8
"10"" Rosehip Candle Ring",,razimports,https://www.razimports.com/theme/harvest/4625332,https://www.razimports.com/media/catalog_product/ImagesFiles2/4625332.jpg,2026/7/8
"11"" Iced Wheat Candle Ring",,razimports,https://www.razimports.com/theme/harvest/4641713,https://www.razimports.com/media/catalog_product/ImagesFiles2/4641713.jpg,2026/7/8
"42"" Welcome Fall Wreath Banner",,razimports,https://www.razimports.com/theme/harvest/4652188,https://www.razimports.com/media/catalog_product/ImagesFiles2/4652188.jpg,2026/7/8
"9.75"" Autumn Bouquet Wall Art",,razimports,https://www.razimports.com/theme/harvest/4656285,https://www.razimports.com/media/catalog_product/ImagesFiles2/4656285.jpg,2026/7/8
"27.5"" Chapel in Autumn Wall Art",,razimports,https://www.razimports.com/theme/harvest/4656286,https://www.razimports.com/media/catalog_product/ImagesFiles2/4656286.jpg,2026/7/8
"15"" Blossom Grazer Wall Art",,razimports,https://www.razimports.com/theme/harvest/4656287,https://www.razimports.com/media/catalog_product/ImagesFiles2/4656287.jpg,2026/7/8
"72"" Fall in Floral Table Runner",,razimports,https://www.razimports.com/theme/harvest/4656344,https://www.razimports.com/media/catalog_product/ImagesFiles2/4656344.jpg,2026/7/8
"26"" Fall in Floral Tea Towel",,razimports,https://www.razimports.com/theme/harvest/4656356,https://www.razimports.com/media/catalog_product/ImagesFiles2/4656356.jpg,2026/7/8
"18"" Fall in Floral Pillow",,razimports,https://www.razimports.com/theme/harvest/4656359,https://www.razimports.com/media/catalog_product/ImagesFiles2/4656359.jpg,2026/7/8
"72"" Floral Halloween Pumpkin Table Runner",,razimports,https://www.razimports.com/theme/harvest/4656360,https://www.razimports.com/media/catalog_product/ImagesFiles2/4656360.jpg,2026/7/8
"60"" Fall in Floral Wreath Sash",,razimports,https://www.razimports.com/theme/harvest/4656361,https://www.razimports.com/media/catalog_product/ImagesFiles2/4656361.jpg,2026/7/8
"12"" Fall Containers",,razimports,https://www.razimports.com/theme/harvest/4671329,https://www.razimports.com/media/catalog_product/ImagesFiles2/4671329.jpg,2026/7/8
"34"" Metallic Leaf Spray",,razimports,https://www.razimports.com/theme/harvest/f4542124,https://www.razimports.com/media/catalog_product/ImagesFiles2/F4542124.jpg,2026/7/8
"36"" Maroon Leaf Spray",,razimports,https://www.razimports.com/theme/harvest/f4602384,https://www.razimports.com/media/catalog_product/ImagesFiles2/F4602384.jpg,2026/7/8
"25.5"" Sunflower Bush",,razimports,https://www.razimports.com/theme/harvest/f4602390,https://www.razimports.com/media/catalog_product/ImagesFiles2/F4602390.jpg,2026/7/8
"15"" Mum Bush",,razimports,https://www.razimports.com/theme/harvest/f4602391,https://www.razimports.com/media/catalog_product/ImagesFiles2/F4602391.jpg,2026/7/8
"33"" Dried Floral Spray",,razimports,https://www.razimports.com/theme/harvest/f4602397,https://www.razimports.com/media/catalog_product/ImagesFiles2/F4602397.jpg,2026/7/8
"25"" Real Touch Sunflower Stem",,razimports,https://www.razimports.com/theme/harvest/f4602399,https://www.razimports.com/media/catalog_product/ImagesFiles2/F4602399.jpg,2026/7/8
"24"" Real Touch Mum Stem",,razimports,https://www.razimports.com/theme/harvest/f4602403,https://www.razimports.com/media/catalog_product/ImagesFiles2/F4602403.jpg,2026/7/8
"15"" Mixed Floral and Pumkin Spray",,razimports,https://www.razimports.com/theme/harvest/f4602415,https://www.razimports.com/media/catalog_product/ImagesFiles2/F4602415.jpg,2026/7/8
"36"" Moss Pinecone Branch",,razimports,https://www.razimports.com/theme/harvest/f4602622,https://www.razimports.com/media/catalog_product/ImagesFiles2/F4602622.jpg,2026/7/8
"43"" Bittersweet Vining Branch",,razimports,https://www.razimports.com/theme/harvest/f4606101,https://www.razimports.com/media/catalog_product/ImagesFiles2/F4606101.jpg,2026/7/8
"31"" Harvest Pomegranate Branch",,razimports,https://www.razimports.com/theme/harvest/f4608019,https://www.razimports.com/media/catalog_product/ImagesFiles2/F4608019.jpg,2026/7/8
"26"" Orange Hydrangea Stem",,razimports,https://www.razimports.com/theme/harvest/f4608020,https://www.razimports.com/media/catalog_product/ImagesFiles2/F4608020.jpg,2026/7/8
"37"" Autumn Kumquat Branch",,razimports,https://www.razimports.com/theme/harvest/f4608024,https://www.razimports.com/media/catalog_product/ImagesFiles2/F4608024.jpg,2026/7/8
"28"" Mum Spray",,razimports,https://www.razimports.com/theme/harvest/f4622794,https://www.razimports.com/media/catalog_product/ImagesFiles2/F4622794.jpg,2026/7/8
"27.5"" Yarrow Spray",,razimports,https://www.razimports.com/theme/harvest/f4622795,https://www.razimports.com/media/catalog_product/ImagesFiles2/F4622795.jpg,2026/7/8
"39"" Fall Leaf Spray",,razimports,https://www.razimports.com/theme/harvest/f4622797,https://www.razimports.com/media/catalog_product/ImagesFiles2/F4622797.jpg,2026/7/8
"52"" Fall Oak and Maple Leaf Spray",,razimports,https://www.razimports.com/theme/harvest/f4625329,https://www.razimports.com/media/catalog_product/ImagesFiles2/F4625329.jpg,2026/7/8
"33"" Rosehip Spray",,razimports,https://www.razimports.com/theme/harvest/f4625330,https://www.razimports.com/media/catalog_product/ImagesFiles2/F4625330.jpg,2026/7/8
"44"" Natural Branch",,razimports,https://www.razimports.com/theme/harvest/f4633182,https://www.razimports.com/media/catalog_product/ImagesFiles2/F4633182.jpg,2026/7/8
"36"" Natural Branch",,razimports,https://www.razimports.com/theme/harvest/f4633183,https://www.razimports.com/media/catalog_product/ImagesFiles2/F4633183.jpg,2026/7/8
"44"" Natural branch",,razimports,https://www.razimports.com/theme/harvest/f4633184,https://www.razimports.com/media/catalog_product/ImagesFiles2/F4633184.jpg,2026/7/8
"36"" Burgundy Floral Branch",,razimports,https://www.razimports.com/theme/harvest/f4633187,https://www.razimports.com/media/catalog_product/ImagesFiles2/F4633187.jpg,2026/7/8
"37"" Purple Floral Branch",,razimports,https://www.razimports.com/theme/harvest/f4633188,https://www.razimports.com/media/catalog_product/ImagesFiles2/F4633188.jpg,2026/7/8
"17"" Iced Wheat Bundle",,razimports,https://www.razimports.com/theme/harvest/f4641712,https://www.razimports.com/media/catalog_product/ImagesFiles2/F4641712.jpg,2026/7/8
"32"" Orange Berry Spray",,razimports,https://www.razimports.com/theme/harvest/f4641799,https://www.razimports.com/media/catalog_product/ImagesFiles2/F4641799.jpg,2026/7/8
"46"" Orange Pepper Berry Branch",,razimports,https://www.razimports.com/theme/harvest/f4641800,https://www.razimports.com/media/catalog_product/ImagesFiles2/F4641800.jpg,2026/7/8
"22"" Bittersweet Vine Wreath",,razimports,https://www.razimports.com/theme/harvest/w4606102,https://www.razimports.com/media/catalog_product/ImagesFiles2/W4606102.jpg,2026/7/8
"24"" Fall Hydrangea Wreath",,razimports,https://www.razimports.com/theme/harvest/w4608005,https://www.razimports.com/media/catalog_product/ImagesFiles2/W4608005.jpg,2026/7/8
"24"" Fall Astilbe Wreath",,razimports,https://www.razimports.com/theme/harvest/w4608008,https://www.razimports.com/media/catalog_product/ImagesFiles2/W4608008.jpg,2026/7/8
"30"" Fall Oak Leaf Wreath",,razimports,https://www.razimports.com/theme/harvest/w4625328,https://www.razimports.com/media/catalog_product/ImagesFiles2/W4625328.jpg,2026/7/8
